"CPU Time Used","Estimated Training Performance","Wallclock Time","Incumbent ID","Automatic Configurator (CPU) Time","Configuration..."
0.000000, 2147483648.000000, 0.103208, 1, 0.103208, C='442.6277544111945'
0.019328, 0.040000, 0.124069, 1, 0.104742, C='442.6277544111945'
0.026313, 0.033300, 0.134009, 2, 0.107696, C='866.01675933199'
0.054260, 0.020000, 0.167956, 3, 0.113697, C='1.3082459894940257'
0.293746, 0.013300, 8.901650, 4, 8.607904, C='7.760877189954108'
