{
  "data": [
    [
      [
        1,
        null,
        0,
        0.0
      ],
      [
        2147483647.0,
        0.6170802116394043,
        {
          "__enum__": "StatusType.CRASHED"
        },
        1670364700.2585318,
        1670364700.8766131,
        {}
      ]
    ]
  ],
  "config_origins": {
    "1": "Sobol"
  },
  "configs": {
    "1": {
      "aug1": 0.17013911828398706,
      "aug2": 0.1466432696208358,
      "aug3": 0.1130424726754427,
      "aug4": 0.03330595307052136,
      "aug5": 0.0516295051202178,
      "param1": 0.6462345814518631,
      "param2": 0.16966369466856124,
      "param3": 0.21077110912650823
    }
  }
}