{"cpu_time": 0.0, "wallclock_time": 0.32382917404174805, "evaluations": 0, "cost": 2147483648.0, "incumbent": ["aug1='0.17013911828398706'", "aug2='0.1466432696208358'", "aug3='0.1130424726754427'", "aug4='0.03330595307052136'", "aug5='0.0516295051202178'", "param1='0.6462345814518631'", "param2='0.16966369466856124'", "param3='0.21077110912650823'"], "origin": "Sobol"}
