"CPU Time Used","Estimated Training Performance","Wallclock Time","Incumbent ID","Automatic Configurator (CPU) Time","Configuration..."
0.000000, 2147483648.000000, 0.323829, 1, 0.323829, aug1='0.17013911828398706',aug2='0.1466432696208358',aug3='0.1130424726754427',aug4='0.03330595307052136',aug5='0.0516295051202178',param1='0.6462345814518631',param2='0.16966369466856124',param3='0.21077110912650823'
