{
  "data": [
    [
      [
        1,
        null,
        0,
        0.0
      ],
      [
        0.9865512830132053,
        2617.911302804947,
        {
          "__enum__": "StatusType.SUCCESS"
        },
        1670451595.5087228,
        1670454213.4200704,
        {}
      ]
    ],
    [
      [
        2,
        null,
        0,
        0.0
      ],
      [
        0.9804194697109613,
        2616.4026436805725,
        {
          "__enum__": "StatusType.SUCCESS"
        },
        1670454213.4461277,
        1670456829.848822,
        {}
      ]
    ],
    [
      [
        3,
        null,
        0,
        0.0
      ],
      [
        2147483647.0,
        0.0,
        {
          "__enum__": "StatusType.RUNNING"
        },
        0.0,
        0.0,
        null
      ]
    ]
  ],
  "config_origins": {
    "1": "Sobol",
    "2": "Sobol"
  },
  "configs": {
    "1": {
      "aug1": 0.004382103309035302,
      "aug2": 0.15315650906413794,
      "aug3": 0.1447581334039569,
      "aug4": 0.15633091665804388,
      "aug5": 0.15593501292169096,
      "param1": 0.427739344406873,
      "param2": 0.7782045430131257,
      "param3": 0.3545965105108917
    },
    "2": {
      "aug1": 0.19330279827117922,
      "aug2": 0.08763671517372132,
      "aug3": 0.09307880401611329,
      "aug4": 0.06291546821594239,
      "aug5": 0.07344216704368592,
      "param1": 0.61908327460289,
      "param2": 0.19236880600452425,
      "param3": 0.9082208502292632
    },
    "3": {
      "aug1": 0.1,
      "aug2": 0.1,
      "aug3": 0.1,
      "aug4": 0.1,
      "aug5": 0.1,
      "param1": 0.5,
      "param2": 0.5,
      "param3": 0.5
    }
  }
}