{"cpu_time": 0.0, "wallclock_time": 0.024378061294555664, "evaluations": 0, "cost": 2147483648.0, "incumbent": {"aug1": 0.004382103309035302, "aug2": 0.15315650906413794, "aug3": 0.1447581334039569, "aug4": 0.15633091665804388, "aug5": 0.15593501292169096, "param1": 0.427739344406873, "param2": 0.7782045430131257, "param3": 0.3545965105108917}, "budget": 0, "origin": "Sobol"}
{"cpu_time": 2617.911302804947, "wallclock_time": 2617.9530465602875, "evaluations": 1, "cost": 0.9866, "incumbent": {"aug1": 0.004382103309035302, "aug2": 0.15315650906413794, "aug3": 0.1447581334039569, "aug4": 0.15633091665804388, "aug5": 0.15593501292169096, "param1": 0.427739344406873, "param2": 0.7782045430131257, "param3": 0.3545965105108917}, "budget": 0, "origin": "Sobol"}
{"cpu_time": 5234.313946485519, "wallclock_time": 5234.38078212738, "evaluations": 2, "cost": 0.9804, "incumbent": {"aug1": 0.19330279827117922, "aug2": 0.08763671517372132, "aug3": 0.09307880401611329, "aug4": 0.06291546821594239, "aug5": 0.07344216704368592, "param1": 0.61908327460289, "param2": 0.19236880600452425, "param3": 0.9082208502292632}, "budget": 0, "origin": "Sobol"}
