"CPU Time Used","Estimated Training Performance","Wallclock Time","Incumbent ID","Automatic Configurator (CPU) Time","Configuration..."
0.000000, 2147483648.000000, 0.024378, 1, 0.024378, aug1='0.004382103309035302',aug2='0.15315650906413794',aug3='0.1447581334039569',aug4='0.15633091665804388',aug5='0.15593501292169096',param1='0.427739344406873',param2='0.7782045430131257',param3='0.3545965105108917'
2617.911303, 0.986600, 2617.953047, 1, 0.041744, aug1='0.004382103309035302',aug2='0.15315650906413794',aug3='0.1447581334039569',aug4='0.15633091665804388',aug5='0.15593501292169096',param1='0.427739344406873',param2='0.7782045430131257',param3='0.3545965105108917'
5234.313946, 0.980400, 5234.380782, 2, 0.066836, aug1='0.19330279827117922',aug2='0.08763671517372132',aug3='0.09307880401611329',aug4='0.06291546821594239',aug5='0.07344216704368592',param1='0.61908327460289',param2='0.19236880600452425',param3='0.9082208502292632'
