{"cpu_time": 0.0, "wallclock_time": 0.034188270568847656, "evaluations": 0, "cost": 2147483648.0, "incumbent": {"aug1": 0.09907737597823144, "aug2": 0.18178825508803131, "aug3": 0.040769665688276294, "aug4": 0.007124798372387886, "aug5": 0.13855569008737803, "param1": 0.8143082579597831, "param2": 0.08996616197749972, "param3": 0.255455654412508}, "budget": 0, "origin": "Sobol"}
{"cpu_time": 2604.565637111664, "wallclock_time": 2604.6161670684814, "evaluations": 1, "cost": 0.7073, "incumbent": {"aug1": 0.09907737597823144, "aug2": 0.18178825508803131, "aug3": 0.040769665688276294, "aug4": 0.007124798372387886, "aug5": 0.13855569008737803, "param1": 0.8143082579597831, "param2": 0.08996616197749972, "param3": 0.255455654412508}, "budget": 0, "origin": "Sobol"}
{"cpu_time": 7810.476265192032, "wallclock_time": 7810.590686559677, "evaluations": 3, "cost": 0.662, "incumbent": {"aug1": 0.19020180702209474, "aug2": 0.11364865303039551, "aug3": 0.08331366777420045, "aug4": 0.0662151575088501, "aug5": 0.05107768774032593, "param1": 0.49826175928115846, "param2": 0.49000269174575806, "param3": 0.955642671585083}, "budget": 0, "origin": "Sobol"}
