"CPU Time Used","Estimated Training Performance","Wallclock Time","Incumbent ID","Automatic Configurator (CPU) Time","Configuration..."
0.000000, 2147483648.000000, 0.034188, 1, 0.034188, aug1='0.09907737597823144',aug2='0.18178825508803131',aug3='0.040769665688276294',aug4='0.007124798372387886',aug5='0.13855569008737803',param1='0.8143082579597831',param2='0.08996616197749972',param3='0.255455654412508'
2604.565637, 0.707300, 2604.616167, 1, 0.050530, aug1='0.09907737597823144',aug2='0.18178825508803131',aug3='0.040769665688276294',aug4='0.007124798372387886',aug5='0.13855569008737803',param1='0.8143082579597831',param2='0.08996616197749972',param3='0.255455654412508'
7810.476265, 0.662000, 7810.590687, 2, 0.114421, aug1='0.19020180702209474',aug2='0.11364865303039551',aug3='0.08331366777420045',aug4='0.0662151575088501',aug5='0.05107768774032593',param1='0.49826175928115846',param2='0.49000269174575806',param3='0.955642671585083'
