"CPU Time Used","Estimated Training Performance","Wallclock Time","Incumbent ID","Automatic Configurator (CPU) Time","Configuration..."
0.000000, 2147483648.000000, 0.000998, 1, 0.000998, C='791.9456091749482'
0.630322, 0.984200, 0.635316, 1, 0.004994, C='791.9456091749482'
6.250524, 0.981900, 6.271244, 2, 0.020720, C='1.0120842962525785'
9.347332, 0.979600, 11.048467, 3, 1.701135, C='1.124657521958351'
10.447412, 0.977300, 12.491644, 4, 2.044232, C='1.2674356974264824'
