{"cpu_time": 0.0, "wallclock_time": 0.011983871459960938, "evaluations": 0, "cost": 2147483648.0, "incumbent": ["C='679.1817481094971'"], "origin": "Sobol"}
