{"cpu_time": 0.0, "wallclock_time": 0.026003122329711914, "evaluations": 0, "cost": 2147483648.0, "incumbent": {"aug1": 0.10070509258657695, "aug2": 0.19109382200986147, "aug3": 0.1034353805705905, "aug4": 0.08062260635197163, "aug5": 0.08549814186990262, "param1": 0.9737666772305965, "param2": 0.6429839868284762, "param3": 0.2831974683515728}, "budget": 0, "origin": "Sobol"}
{"cpu_time": 2573.9945340156555, "wallclock_time": 2574.0367755889893, "evaluations": 1, "cost": -3623482.2504, "incumbent": {"aug1": 0.10070509258657695, "aug2": 0.19109382200986147, "aug3": 0.1034353805705905, "aug4": 0.08062260635197163, "aug5": 0.08549814186990262, "param1": 0.9737666772305965, "param2": 0.6429839868284762, "param3": 0.2831974683515728}, "budget": 0, "origin": "Sobol"}
