"CPU Time Used","Estimated Training Performance","Wallclock Time","Incumbent ID","Automatic Configurator (CPU) Time","Configuration..."
0.000000, 2147483648.000000, 0.026003, 1, 0.026003, aug1='0.10070509258657695',aug2='0.19109382200986147',aug3='0.1034353805705905',aug4='0.08062260635197163',aug5='0.08549814186990262',param1='0.9737666772305965',param2='0.6429839868284762',param3='0.2831974683515728'
2573.994534, -3623482.250400, 2574.036776, 1, 0.042242, aug1='0.10070509258657695',aug2='0.19109382200986147',aug3='0.1034353805705905',aug4='0.08062260635197163',aug5='0.08549814186990262',param1='0.9737666772305965',param2='0.6429839868284762',param3='0.2831974683515728'
