"CPU Time Used","Estimated Training Performance","Wallclock Time","Incumbent ID","Automatic Configurator (CPU) Time","Configuration..."
0.000000, 2147483648.000000, 0.000997, 1, 0.000997, C='317.5057439056225'
0.007014, 0.046700, 0.010484, 1, 0.003470, C='317.5057439056225'
0.013018, 0.033300, 0.019450, 2, 0.006432, C='584.1666760189459'
0.042046, 0.020000, 0.058349, 3, 0.016302, C='19.66438839407638'
0.334283, 0.013300, 9.782156, 4, 9.447873, C='7.408760539958179'
