{
  "data": [
    [
      [
        1,
        null,
        0,
        0.0
      ],
      [
        2147483647.0,
        13.377028942108154,
        {
          "__enum__": "StatusType.CRASHED"
        },
        1670364864.3415067,
        1670364877.7185357,
        {}
      ]
    ]
  ],
  "config_origins": {
    "1": "Sobol"
  },
  "configs": {
    "1": {
      "aug1": 0.1860283063724637,
      "aug2": 0.17539905253797772,
      "aug3": 0.1428395738825202,
      "aug4": 0.012860305421054364,
      "aug5": 0.02518205549567938,
      "param1": 0.4926860302127898,
      "param2": 0.1440725332312286,
      "param3": 0.7345435225404799
    }
  }
}