{"cpu_time": 0.0, "wallclock_time": 0.0157167911529541, "evaluations": 0, "cost": 2147483648.0, "incumbent": ["aug1='0.1860283063724637'", "aug2='0.17539905253797772'", "aug3='0.1428395738825202'", "aug4='0.012860305421054364'", "aug5='0.02518205549567938'", "param1='0.4926860302127898'", "param2='0.1440725332312286'", "param3='0.7345435225404799'"], "origin": "Sobol"}
