{
  "data": [
    [
      [
        1,
        null,
        0,
        0.0
      ],
      [
        2147483647.0,
        11.708879232406616,
        {
          "__enum__": "StatusType.CRASHED"
        },
        1670364998.695996,
        1670365010.4048753,
        {}
      ]
    ]
  ],
  "config_origins": {
    "1": "Sobol"
  },
  "configs": {
    "1": {
      "aug1": 0.06732487380504608,
      "aug2": 0.15146091226488353,
      "aug3": 0.1622583355754614,
      "aug4": 0.1661363631486893,
      "aug5": 0.1209416575729847,
      "param1": 0.0818436237424612,
      "param2": 0.46671823102980853,
      "param3": 0.39156206980347635
    }
  }
}