"CPU Time Used","Estimated Training Performance","Wallclock Time","Incumbent ID","Automatic Configurator (CPU) Time","Configuration..."
0.000000, 2147483648.000000, 0.032036, 1, 0.032036, aug1='0.06732487380504608',aug2='0.15146091226488353',aug3='0.1622583355754614',aug4='0.1661363631486893',aug5='0.1209416575729847',param1='0.0818436237424612',param2='0.46671823102980853',param3='0.39156206980347635'
